BAKER,Baker Hall
BOWERS,Bowers Hall
BRADY,Brady Memorial Laboratory
CO100,100 College Street
CO101,101 College Street
CO47,47 College Street
CR305,305 Crown Street
CRW353,353 Crown Street
EDG36,36 Edgewood Avenue
EDW380,380 Edwards Street
ELM294,294 Elm Street
GR109,109 Grove Street
GREEN,Green Hall
HLH24,24 Hillhouse Avenue
HLH37,41 Hillhouse Avenue
HLH46,46 Hillhouse Avenue
HLH51,51 Hillhouse Avenue
HLH55,55 Hillhouse Avenue
HOPE,Hope Memorial Building
ISM,Institute of Sacred Music
LEIGH,Leigh Hall
MARSH,Marsh Hall
PK205,205 Park Street
PK217,217 Park Street
PM,Peabody Museum
PR135,135 Prospect Street
PR406,406 Prospect Street
TRUM87,87 Trumbull Street
W-OCN,Yale West Campus
YK149,149 York Street
YK222,222 York Street
